id,RollNo,Name,password
NULL,2021EE02,Rohit,password1
NULL,2019CS07,Shivani,password2
NULL,2020AI05,Ankit,password3
NULL,2022MC01,Swati,password4
NULL,2021EE06,Vishal,password5
NULL,2021EE01,Vikas,pass567
NULL,2020MC01,Kavya,password8
NULL,2019AI05,Alok,pass789
NULL,2022CS02,Jhanvi,password10
NULL,2021AI04,Ravi,pass111
NULL,2019CS03,Neha Singh,pass@123
NULL,2020AI01,Nishant,password12
NULL,2021MC05,Pradeep,pass123
NULL,2019EE10,Priya,pass456
NULL,2020CS02,Rahul,password34
